Nome: CAMPOS DO JORDAO;;;;;;;;;;
Codigo Estacao: A706;;;;;;;;;;
Latitude: -22.75027777;;;;;;;;;;
Longitude: -45.60388888;;;;;;;;;;
Altitude: 1662.95;;;;;;;;;;
Situacao: Operante;;;;;;;;;;
Data Inicial: 2024-01-01;;;;;;;;;;
Data Final: 2025-12-31;;;;;;;;;;
Periodicidade da Medicao: Diaria;;;;;;;;;;
;;;;;;;;;;
Data Medicao;PRECIPITACAO TOTAL, DIARIO (AUT)(mm);PRESSAO ATMOSFERICA MEDIA DIARIA (AUT)(mB);TEMPERATURA DO PONTO DE ORVALHO MEDIA DIARIA (AUT)(°C);TEMPERATURA MAXIMA, DIARIA (AUT)(°C);TEMPERATURA MEDIA, DIARIA (AUT)(°C);TEMPERATURA MINIMA, DIARIA (AUT)(°C);UMIDADE RELATIVA DO AR, MEDIA DIARIA (AUT)(%);UMIDADE RELATIVA DO AR, MINIMA DIARIA (AUT)(%);VENTO, RAJADA MAXIMA DIARIA (AUT)(m/s);VENTO, VELOCIDADE MEDIA DIARIA (AUT)(m/s)
01/01/2024;.6;835.1;14.2;22.4;16.5;13.6;87;65;7.5;1.6
02/01/2024;0;834.1;14.8;26.5;18.1;12.6;82.8;47;5.9;1
03/01/2024;.4;833.3;16.5;24.9;18.5;16.1;88.9;62;6.2;1.1
04/01/2024;38.4;833.1;15.4;22.9;17.2;14.4;90.1;66;7.9;1.6
05/01/2024;7;833.6;14.5;24.9;17.8;13;82.2;53;8.4;1.7
06/01/2024;.2;834.3;14.2;24.6;18.2;11.9;79.2;53;5.9;1.5
07/01/2024;0;835.3;14.5;26.8;18.9;12.8;77.8;44;5.7;1.3
08/01/2024;.2;835.7;15.8;26.9;19.3;15;81.7;50;10.3;1.3
09/01/2024;1;836.6;15.9;25.5;18.6;14.8;85.5;58;9;1.4
10/01/2024;14.2;836.3;16;26.1;19.2;14.7;83.1;52;8.1;1.1
11/01/2024;26.4;835.6;16.7;25.6;19.2;16.3;86.6;57;7.9;1.3
12/01/2024;1.2;834.3;16.9;24.9;18.9;16.9;88.4;63;10;1
13/01/2024;9.2;835.9;16.5;22;18;16.4;90.6;72;6.6;1.1
14/01/2024;17.6;836.9;16.9;23.2;18.7;16;89.6;69;5.6;.8
15/01/2024;.6;837.2;16.9;24.8;19;16.5;88;63;7;1.1
16/01/2024;.2;837.4;16.8;26.9;20.3;16;81.5;55;5.2;1
17/01/2024;0;838;16.9;27.8;20;15.9;83.5;50;6.9;1.2
18/01/2024;5.2;836.8;17.2;27.8;19.9;15.9;85.8;52;9.4;1.1
19/01/2024;7;835.6;16.9;26.1;19.7;15.4;85.1;56;7.2;1.5
20/01/2024;0;833.5;16.7;22.9;19.3;17;85.4;68;5;.7
21/01/2024;21.6;833.7;15.9;23.3;17.5;15.5;90.9;64;10;1.7
22/01/2024;7.8;835.7;15.1;22.7;16.7;14.9;90.5;66;6.9;1.8
23/01/2024;2.6;834.2;13.4;16.1;14.2;13.9;94.6;90;11.4;2.2
24/01/2024;41.4;831.9;13.3;21.2;15.4;11.6;87.9;65;10;1.9
25/01/2024;2.8;832.1;13.5;23.2;15;12.4;91.4;62;8.8;1.7
26/01/2024;20.2;833.5;13;19.9;14.6;11.1;90.2;72;8.5;1.8
27/01/2024;1;834.3;13.3;24.6;17.4;11.9;79.2;45;8.4;1.3
28/01/2024;.2;835.7;14.1;25.6;16.3;12.9;87.6;53;7.1;1.1
29/01/2024;19.8;835.9;13.6;26.1;17.1;11.2;81.9;48;6.4;1.2
30/01/2024;5.2;835.8;13.8;25;18.4;13.5;76.6;49;5.3;1.1
31/01/2024;0;836.5;13.1;26;16.5;12.5;82.3;43;9.1;1.3
01/02/2024;4.2;837.4;13.1;24.6;16.3;10.8;83.3;55;5.5;1.3
02/02/2024;0;838.9;13.1;20.3;15.5;13;86.4;68;9;1
03/02/2024;6.6;839.1;14.6;24.4;17.3;13.7;84.7;59;12;1.4
04/02/2024;5.4;838.7;14.6;23.3;16.3;14.1;90;61;8;1.3
05/02/2024;13.8;837.7;14.1;23.5;17.3;12.3;82.7;58;4.6;1.2
06/02/2024;1.2;838.3;15.3;24.3;17.6;14;87.1;60;8.5;1.6
07/02/2024;15;837;14.6;24.2;18.2;13.1;81.3;54;7.7;1.4
08/02/2024;0;836.2;15.6;25.9;18.5;14.7;84.5;52;7.5;1.5
09/02/2024;29.4;837.2;15;25.9;17.7;12.6;86.2;47;7.6;1.6
10/02/2024;18.8;838.4;13.6;24.3;18.3;12.2;76.4;48;6.5;1.7
11/02/2024;0;839;14;26.3;18.3;12.5;77.5;44;8.1;1.1
12/02/2024;10.6;839.8;16.2;25.1;19;15.6;84.7;57;6.2;1.3
13/02/2024;0;839.5;16.1;26.2;19.3;16.8;82.7;55;5.6;1.3
14/02/2024;7.4;838.1;15.5;23.1;17.1;14.9;90.3;69;6.3;1.1
15/02/2024;45.4;836.5;16.1;17.9;16.7;16;96.5;95;8.5;2
16/02/2024;31.6;836;15.2;23.1;17.2;13.5;88.1;68;5.6;1.3
17/02/2024;.2;834.8;15.5;23.9;17.5;13.5;88.8;62;6.1;1.1
18/02/2024;.4;833.5;14.9;21.9;16.2;12.6;92.3;74;6.4;.9
19/02/2024;12.2;831.9;14.8;22.8;16.9;12.8;88;62;7.1;1.1
20/02/2024;16.8;830.6;16;21.8;17.2;14.8;92.7;75;5.7;1
21/02/2024;15;831.2;16;25.1;18.2;15.8;88.1;57;4.8;.9
22/02/2024;67.4;832.9;16.2;26.5;18.8;14.7;86.2;52;10.5;1.2
23/02/2024;8.6;836.6;17;25.4;18.6;16.2;91.3;57;7.5;1.3
24/02/2024;15.8;839.8;17.2;23.9;18.7;16.9;91.3;66;5.9;1
25/02/2024;4.6;840.6;16.7;25.5;19.1;15.2;87;62;10.8;1.4
26/02/2024;.2;838.9;16.5;24.7;19.1;15.4;85.4;64;9.1;1.6
27/02/2024;6.6;836.4;17.2;26.2;19.9;16.3;85.4;60;5.9;1.1
28/02/2024;0;836.1;17.7;26.1;19.7;16.5;88.8;62;4.7;.9
29/02/2024;12.6;836.4;18;25.5;19.7;15.9;90.1;66;8.2;1.3
01/03/2024;9;835.6;16.4;24.6;18.5;15.5;88.1;63;10.7;1.6
02/03/2024;18.6;835.5;14.9;23.1;17.3;13.6;86.6;67;7.1;1.7
03/03/2024;.2;835.6;14.5;26.3;17.7;12.3;82.7;48;6.3;1.4
04/03/2024;8;836;13.4;25.9;18.3;11.3;74.8;48;7.4;1.3
05/03/2024;1.6;836.4;16.4;26.2;19.4;16.2;84;53;6.5;.9
06/03/2024;12.2;836.8;16.4;23.8;18.1;15.9;90.5;62;6.5;1.1
07/03/2024;12;838.6;16.8;23.5;18.6;16.2;90;71;6.1;1.2
08/03/2024;26;838.2;16.9;24.2;18.3;15.2;91.4;65;7.6;1.2
09/03/2024;14;836.4;17.5;25.1;18.9;17;91.8;65;5;.9
10/03/2024;12.4;835.8;17.4;22.8;18.8;17.4;91.8;75;7.7;1.5
11/03/2024;2;837.6;15.7;23.7;18.2;15.5;85.8;67;6.5;1.4
12/03/2024;0;838.2;16.1;26.6;19;13.5;84.6;58;6.1;1.4
13/03/2024;.2;838;15.6;26.3;19.2;13.5;80.9;54;5;1.3
14/03/2024;0;837.7;15.7;27.8;19.7;13.9;80;46;5.5;1
15/03/2024;.4;836.3;16.2;27.7;20.5;14.8;79;37;5.4;1.1
16/03/2024;0;835.2;16.6;28.1;19.9;15.5;83.1;46;7.7;1.2
17/03/2024;12.4;836.1;16.7;27.9;20.1;15.4;82.7;47;5.9;1
18/03/2024;7.6;836.1;17.2;26.2;19.7;15.6;86.6;62;5.9;1.1
19/03/2024;4.6;835.2;17.4;26.1;19.9;15.4;86.3;57;6;.9
20/03/2024;3.2;833.8;17.6;27.4;19.8;16.6;87.9;56;6.2;1.2
21/03/2024;.2;834.2;17.7;25.4;20.4;17.8;85.2;64;7.3;1
22/03/2024;21.4;836.8;15.9;20.4;17;16.9;93.5;80;10.4;1.6
23/03/2024;9.4;838.3;12.5;14.2;13.2;11.3;95.5;92;12.7;3.2
24/03/2024;21;837.4;13.9;16.6;14.7;12.6;95.3;92;10;1.9
25/03/2024;8;835.4;14.6;22.5;16.5;13.1;88.9;69;7.8;1.3
26/03/2024;.4;836.2;15;20.5;16.3;14.9;92.4;76;4.5;1
27/03/2024;.6;837.7;14.2;16.9;15;13.8;94.8;89;6.3;1.5
28/03/2024;18.6;838.5;14.7;17.5;15.4;13.9;96;90;6.2;.8
29/03/2024;26.8;838.3;15.9;20.2;16.7;14.8;95;83;3.8;.7
30/03/2024;9;836.9;16.1;21.5;17.5;16;92.1;78;8.4;1.5
31/03/2024;3;836.2;9.9;23.4;16;9;70.9;35;6.4;1
01/04/2024;1;835.7;10.6;23.9;16.1;9.3;73;22;4.8;.9
02/04/2024;0;835.2;13.1;23.1;16.3;12.1;82.5;51;3.9;.8
03/04/2024;.2;836.2;14.3;24;17.6;11.9;82.2;54;4.7;.9
04/04/2024;0;837.5;14.8;26;18.5;13.5;81;43;5.9;1.1
05/04/2024;.2;837.7;13.7;25.3;17.8;11;78.9;40;6.2;1.2
06/04/2024;.2;837.1;12.9;22.7;16.3;10.8;81.6;60;6.7;1.4
07/04/2024;0;837.9;13.3;23.3;17;11.8;80.5;53;6.5;1
08/04/2024;.2;837.2;13.9;22.3;16.4;12.5;85.6;59;6.1;.9
09/04/2024;.6;836.5;14.9;22.2;17.6;15;84.9;60;6;.9
10/04/2024;0;835.5;14.2;24.7;17.8;12.4;81.4;48;5.3;1.2
11/04/2024;.2;836.8;15;22.2;17;12.8;88.3;68;6.1;1.2
12/04/2024;0;838.3;14.6;22.2;17.1;14.9;85.3;58;8.1;2
13/04/2024;.4;838.1;14.2;22.8;17;12.1;84.3;65;6.4;1
14/04/2024;0;837.1;14.8;22;17.4;14.6;85.4;63;6.8;1.2
15/04/2024;0;837.6;14.7;21.4;17.5;14.9;84.4;67;7.6;1.1
16/04/2024;0;838.5;14.8;24.3;18.2;15.4;81.4;58;6.5;1.2
17/04/2024;0;837.2;15.3;24;17.8;15.1;86.3;60;4.3;1.2
18/04/2024;25.6;836.6;13.7;17.4;14.6;12.9;94;82;6.1;1.2
19/04/2024;0;837.4;12.8;22;15.1;11.4;87.1;64;4.8;1
20/04/2024;0;838.7;13.3;21.3;15.9;12.4;86.1;56;4.7;1
21/04/2024;.2;838.1;11.8;22.6;15;8.9;83;48;5;1.2
22/04/2024;.2;837.1;9.5;21.9;14.3;8.6;75.8;42;4.3;1
23/04/2024;.2;837.3;9.5;23.2;15.1;8.7;72.5;35;4;.8
24/04/2024;0;837.4;11;23.6;16;9.3;75.1;36;4.1;1
25/04/2024;0;837.6;14.5;23.2;17.8;13.7;81.8;55;5.3;1.1
26/04/2024;0;837.9;14.5;23.1;17.1;12.3;85.3;64;4.4;.9
27/04/2024;.2;837.1;13.9;23.5;16.9;12;84.1;57;5.5;1.1
28/04/2024;.2;836.8;13.7;24.3;16.8;11.8;83.5;48;5.3;1.1
29/04/2024;.2;837.8;13.9;24.8;17.3;11.9;81.6;52;4.6;.9
30/04/2024;.2;837.9;12.7;23.4;16.9;11.8;78;48;5.3;1
01/05/2024;0;837.1;12.1;23.7;16.7;11;75.9;50;4.4;.9
02/05/2024;0;835.1;13.4;22.9;17.8;13;76.5;56;6.3;.9
03/05/2024;.2;836.4;12.5;24.7;17;11.6;77.3;41;3.8;1
04/05/2024;0;838.7;11.6;24.7;17.2;11.6;72.2;38;6.4;1
05/05/2024;0;840.2;7;24;16.4;10.2;60.8;20;6.6;1
06/05/2024;0;838.6;8.8;22.4;15.4;7.5;66.9;39;8.6;1.2
07/05/2024;.2;837.7;13.6;22.1;16;11.1;86.6;68;5.2;1.3
08/05/2024;.2;837.8;12.7;20.8;15.7;11.1;83.2;62;6.4;1.3
09/05/2024;.2;839.1;12;22.6;15.6;9.8;80.7;44;5.3;1.2
10/05/2024;0;837.9;11.9;22.2;15.9;10.8;79.3;46;4.6;.8
11/05/2024;.2;836.8;12;23;16.3;10.7;77.1;53;5.2;1
12/05/2024;0;835.8;11.8;22.5;16.3;11.2;76.6;50;5.3;.8
13/05/2024;0;835.7;10.4;23.8;17.7;14;63.6;40;6.8;1.1
14/05/2024;0;836.5;11.4;20.7;15.3;9.8;78.6;56;4.7;1
15/05/2024;.2;837.1;13.1;19.3;14.9;11.2;89.4;67;4.5;.8
16/05/2024;0;837.7;13.7;20.3;15.7;11.6;88.6;68;6.7;1.1
17/05/2024;0;839;12.9;22.8;16.8;13.2;79.5;47;5.5;1.2
18/05/2024;.2;838.9;12.1;24;16.3;10.8;77.8;51;4.6;1.1
19/05/2024;0;838.7;12.3;23.1;15.5;10.2;83.1;51;4.1;.8
20/05/2024;.2;838.7;13.2;22.9;16.3;12.1;83.5;55;3.8;1
21/05/2024;0;840.3;12.8;20.1;15.2;11.3;86.3;65;4.2;.8
22/05/2024;.2;840.4;11.6;21.8;14.7;10.4;83.2;56;6.1;1.1
23/05/2024;.2;838.3;10.6;19.9;14.1;10.3;80.8;54;6.9;1.4
24/05/2024;0;836.7;11.2;21;15.3;11;77.5;58;10.3;1.9
25/05/2024;.2;837.6;11.9;18.8;14;12.1;87.3;71;6.9;1.1
26/05/2024;13.2;838.8;11.4;13.2;11.9;10.5;96.6;95;12.1;.9
27/05/2024;22;838.8;12.2;14.4;12.7;10.8;97.1;96;5;.8
28/05/2024;19;837.6;12.9;17.7;14.9;12.4;88.2;73;9.7;1.6
29/05/2024;.2;837.6;8.8;17.5;12.5;11;79.4;52;8.4;1.6
30/05/2024;0;838.8;4.8;15.3;7.7;1.1;83.6;38;4.7;.9
31/05/2024;.2;840.2;4.7;17.1;8.8;2.2;79;33;8.9;1.2
01/06/2024;.2;841.5;4.6;16;9;3.5;77.2;34;7.2;1.3
02/06/2024;0;841.6;6.9;18.2;10.7;5.5;79.1;49;5.9;1.1
03/06/2024;.2;841.9;9.6;18.3;12.2;7.9;84.7;59;6.5;1.1
04/06/2024;0;841.1;10.6;16.8;12.4;8.3;89.1;69;5;1.1
05/06/2024;.2;840.8;10.3;17.4;12.3;7.3;87.8;64;6.9;1.2
06/06/2024;0;840.7;9.3;17.7;12.2;7.9;83.8;60;4.1;1
07/06/2024;.2;841.4;8.1;19.8;11.9;6.4;79.5;50;3.8;1
08/06/2024;0;841.4;9.2;20.6;12.5;7.1;82.3;50;4.7;.9
09/06/2024;.2;840.1;9.7;20.7;12.8;7.7;82.8;55;7.7;1.2
10/06/2024;.2;839.5;9.8;21.4;13.5;8.6;79.7;38;6.7;1.5
11/06/2024;0;840.5;7.8;21.6;12.6;4.2;74.5;34;3.8;1
12/06/2024;.2;840.1;5.8;19.1;12.2;6.7;70.2;24;8;1.2
13/06/2024;0;839.4;7;18;12.1;6.6;72.6;48;7.4;1.4
14/06/2024;0;839.7;7;18.6;12.6;7.8;69.5;56;9.3;1.5
15/06/2024;0;840.8;10.6;21.6;14.8;11.6;76.9;54;5.5;1
16/06/2024;.2;839.5;8.7;20.6;12.5;7.1;79.5;41;4.3;.9
17/06/2024;0;837.6;8.3;19.2;13.4;9.8;72.7;50;6.2;.9
18/06/2024;0;837.2;7.1;18.4;11.6;7.2;75.7;48;7;1.2
19/06/2024;0;838.3;7;20;11.4;6.2;76.8;50;8.2;1.3
20/06/2024;.2;839.2;6.2;19.7;11.3;4.4;74.2;39;5.4;1.1
21/06/2024;0;838.5;6.5;17.6;11;5.5;75.2;50;7.9;1.2
22/06/2024;0;838.1;8.1;18.3;12.9;8.2;73.8;53;8.6;1.2
23/06/2024;0;837.5;8.6;19.8;14.1;9.7;70.7;50;4.8;.8
24/06/2024;0;837.5;9.3;20.2;13.3;7.9;78.3;54;4.6;1
25/06/2024;0;838.6;11.2;19.9;13.7;8.7;85.9;59;5;1.1
26/06/2024;.2;837.7;11.6;20.3;15.1;10.7;81.3;59;7;1.2
27/06/2024;0;835.5;10.6;19.3;15.2;11.9;74.3;57;6;1
28/06/2024;.2;835.4;9.8;18.9;13.5;8.9;80;56;7.8;.9
29/06/2024;0;836.3;10;20.2;14.7;11.2;74.8;54;5.4;.9
30/06/2024;1;836.8;11.4;14.8;12.3;10.3;94.8;77;3.6;.5
01/07/2024;1;838.5;9.2;14.2;9.7;6.9;96.5;88;7;1
02/07/2024;10.2;839.6;7.6;18.1;10.1;4.5;86.2;55;5.6;1.1
03/07/2024;.2;838.5;9.3;18.8;12.3;7.2;83.3;52;4.6;.9
04/07/2024;0;837.9;8.8;17.8;13.3;9.6;75.9;46;4.5;.7
05/07/2024;0;839.1;7;18.7;11.7;6.2;74.5;48;4.1;.8
06/07/2024;0;839.8;7.7;19.4;12.1;6.7;77.2;45;5.1;.9
07/07/2024;0;838.3;9.1;19.2;12.8;7.8;78.9;59;5.1;.9
08/07/2024;0;836.5;9.8;19.8;14.7;11.1;73;51;5.4;.8
09/07/2024;.2;835.8;10.6;19.1;13.2;12;85.3;60;8.7;.9
10/07/2024;17.6;835.8;12;17.1;13.7;10;90;74;6.4;.8
11/07/2024;0;839;11.7;21.2;15.7;11.2;78.7;55;5.6;.8
12/07/2024;.2;842.5;11.7;20.6;14.7;10.3;82.9;56;8.6;1.5
13/07/2024;0;842.3;11.7;17.3;13.2;11.5;90.7;71;8.9;1.9
14/07/2024;0;840.6;10;18.5;13.2;10.4;81.8;59;7.9;1
15/07/2024;.2;841.5;8.9;18.4;12.1;7.1;82.5;58;4.7;1.2
16/07/2024;0;842.3;9.1;18.1;11.9;7.2;83.9;60;4.5;.9
17/07/2024;.2;842.3;8.5;17.9;11.8;6.3;82;53;6.3;1.2
18/07/2024;0;841;6.9;19.3;11.3;5.1;78;41;4.1;.9
19/07/2024;.2;842.3;7.2;18.9;10.9;4.2;79.8;45;4.4;1
20/07/2024;.2;841.7;1.7;20.5;11.5;4;61;14;4.5;.9
21/07/2024;0;840.9;4.2;20.2;11.2;4.1;64.8;22;4.6;1.1
22/07/2024;.2;841.5;5.4;20.5;11.7;5.3;70.2;29;5.3;1.1
23/07/2024;0;842.1;3.8;19.9;11.2;2.1;65.5;21;4.4;1.1
24/07/2024;0;842.1;5.5;19.9;11.2;4.4;70.5;33;4.4;1
25/07/2024;0;840.8;6.8;20;11.5;5;75.4;40;5.1;1.1
26/07/2024;0;839.5;7;18.9;11.5;6;76.6;44;3.9;.9
27/07/2024;.2;839.9;6.5;19.6;11.6;5.9;74;43;4.8;.8
28/07/2024;0;840.3;7.9;21.5;13.7;7.6;70;44;5.8;.8
29/07/2024;0;840;9;21.2;14.3;9;72.3;43;5.7;1.1
30/07/2024;1.2;841;9.6;11.9;10.4;9.7;95.1;88;8.5;1.6
31/07/2024;.6;841.7;9.6;18.8;12.4;6.7;84.3;59;6.1;1.4
01/08/2024;.2;842.2;7.9;18.5;11.8;6.8;79.4;43;5.2;1.1
02/08/2024;.2;841.6;6.4;20.3;11.9;5.7;72.8;39;4.7;1
03/08/2024;0;841.2;6.5;19.7;12.9;6.7;68;31;7;1.4
04/08/2024;0;841.3;10.1;20.9;13.7;8.4;80.3;54;4.7;1
05/08/2024;.2;841.2;8.4;22.1;14.4;8.4;71.8;35;4.3;1
06/08/2024;0;839.8;9;21.2;14;8.6;74;43;5.7;1
07/08/2024;0;837.2;7.7;21.5;15;9.3;63.6;42;5.8;.8
08/08/2024;0;836.2;7.4;22.5;16.1;10.4;58;36;4.8;.7
09/08/2024;0;836.7;9.5;16.9;13.4;11;77.8;61;7.4;1.3
10/08/2024;25.4;834.7;6.8;12;7.2;5.2;97.4;84;6.4;1.3
11/08/2024;2.8;835.9;-.8;17.3;6.4;-2.3;67.7;24;4.6;1
12/08/2024;0;836.1;-1.4;16.6;7.3;-.4;58.5;23;6.9;1.3
13/08/2024;0;838.5;1.2;14.7;6.6;.7;69.9;41;5.1;1.1
14/08/2024;0;839.6;1.6;21.1;10.4;3.3;60;20;6.7;1.5
15/08/2024;0;840.2;6;22.8;12.9;4.8;65.5;34;6.4;1.2
16/08/2024;0;840.4;7;24.6;14.7;7.6;64.9;30;5;1
17/08/2024;0;840.2;5.9;25.1;15.6;7.2;57;21;4.8;1.1
18/08/2024;0;840;4.6;25.2;16.3;8.3;49.7;16;5.2;1
19/08/2024;0;839.7;4.4;24.8;15.5;7.4;51.1;21;4.5;1
20/08/2024;0;840.1;4.3;24.2;15.6;8.1;52.4;23;5.8;1.2
21/08/2024;0;839.7;4;24.5;16.5;8.7;47.8;21;6.1;1
22/08/2024;0;838.4;5.2;24.8;16.6;9.5;48.4;24;5.5;.9
23/08/2024;0;836.4;6.6;25.1;18.8;14.2;46.3;27;6.3;.8
24/08/2024;0;836.9;8;24.6;17.5;11.6;56.8;33;13.6;1.4
25/08/2024;3.6;839;8;13.3;10.6;10.2;85.2;59;9.8;1.5
26/08/2024;28.4;838.3;5.9;13.9;7.4;3.6;91;70;5.5;1.2
27/08/2024;0;839.9;1.1;19.2;8.6;-.8;66;14;4.5;1.1
28/08/2024;0;841.5;5.3;22.6;12.2;2.8;66.6;27;5.3;1.4
29/08/2024;0;842.7;7.1;22.7;14;6.5;67;37;5.9;1.2
30/08/2024;0;841.6;6.7;23.5;14.1;6;64.8;32;4.7;1.2
31/08/2024;0;840.3;7.4;24.2;14.8;6.7;65.1;29;5.2;.9
01/09/2024;0;839.3;5.4;24.6;16.1;7.8;54.5;25;5.4;1.2
02/09/2024;0;836.9;6;24.7;17.3;9.8;49;31;5.1;1
03/09/2024;0;837.5;7.7;25.3;17.3;10.4;57.3;28;7.6;1.3
04/09/2024;0;839;4.1;25.3;18.3;10.9;42.3;18;7.2;1.6
05/09/2024;0;838.2;8.8;26.7;18;12.2;57.8;25;5.6;1.1
06/09/2024;0;837.7;11.6;25.9;17.1;10.5;74.5;36;6.1;1
07/09/2024;0;839.6;11.2;26.9;18.3;12.7;66.2;33;5.6;1.1
08/09/2024;0;841.4;8.1;26.4;18.7;11.9;54.8;22;9.2;1.5
09/09/2024;0;840.3;5.4;25.8;17.7;10.6;49.3;16;8.4;1.6
10/09/2024;0;838.5;7.5;26.7;17.6;9.8;55.9;22;5.7;1.2
11/09/2024;0;838.3;6.9;25.7;17.1;9.2;54.3;28;4.3;1
12/09/2024;0;838.8;4.9;26.3;18;10.4;46;16;6.5;1.1
13/09/2024;0;838.3;5.9;26.4;17.7;10.4;48.6;24;6.2;1
14/09/2024;0;838.1;7.9;26.6;18.7;12.2;51.3;29;6.8;1.3
15/09/2024;0;838.4;11.7;24;16.8;12;73.1;47;6.7;1.2
16/09/2024;0;838;11.5;20.3;14.7;12.2;82.4;50;4.9;1.2
17/09/2024;.6;839;10;16;11.6;9.7;90.5;70;9.9;2.5
18/09/2024;.2;838.5;10.8;21.4;14.1;8.1;82;57;8.7;1.6
19/09/2024;0;837.5;12.1;24.8;16.7;10.9;76.3;45;6.4;1.3
20/09/2024;0;836.7;12;26.7;18.9;12.2;67.5;37;7;1.3
21/09/2024;2.4;836.9;13.1;22.7;16.7;13.4;80.4;47;8.9;1.2
22/09/2024;.6;836.3;12.8;25.6;18;12.5;74.2;40;7.7;1.1
23/09/2024;0;836.9;12.7;28.2;18.9;12;70.6;26;7;1.3
24/09/2024;0;837.4;11;27.7;19.3;12.3;63.2;24;6.6;1.2
25/09/2024;0;836.8;9.9;27.9;19.2;11.9;58.8;25;6.5;1.4
26/09/2024;0;836.2;9.7;28.7;19.6;11.8;56.8;23;8.3;1.1
27/09/2024;0;835.3;11.2;26.3;18.6;14.9;63.9;40;5.8;1.2
28/09/2024;.2;837.1;11.7;22.6;14.7;10.3;83.8;57;6.9;1.8
29/09/2024;0;838.5;11.9;27;17.2;10.7;74.8;34;7.5;1.8
30/09/2024;0;838.3;11.4;25.9;17.4;10.7;70.9;35;7.5;1.3
01/10/2024;0;836.4;10.4;28.3;18.5;10.8;62.6;31;5.8;1.3
02/10/2024;0;834.9;9.8;30.1;20.1;11.9;56.9;24;6.3;1.3
03/10/2024;1.4;836.5;13.7;24.8;16.6;13.6;84.1;46;8.6;1.6
04/10/2024;9.8;837.6;12.1;19.1;13.1;11.3;93.8;78;9.6;1.8
05/10/2024;.2;837.4;11.8;24.2;15.4;10.7;81.1;44;10.1;2
06/10/2024;.2;836.1;10.9;25.8;16.6;8.8;73;34;5.5;1.3
07/10/2024;0;834.9;6;27.4;18;10.7;48.7;14;4.9;1
08/10/2024;0;834.7;11.2;28.2;19.1;12.3;62.8;32;6.5;1.4
09/10/2024;0;836.1;12.4;25.8;17.1;12.1;75.8;37;7;1.4
10/10/2024;1;836.1;13.5;18.2;15.3;13;89.3;77;10.8;1.7
11/10/2024;1.2;834.5;15.2;22.1;17.4;14.9;87.9;65;7.6;.9
12/10/2024;19.2;835.8;13.3;24;17.7;14.8;78.3;38;7.6;1.5
13/10/2024;0;841;13.4;23.1;16;12.8;85.8;60;8;1.9
14/10/2024;0;841.3;11.4;23.9;16.9;11.2;73.2;35;8.8;2.1
15/10/2024;0;838.1;11.7;25.7;17.6;10.9;71.6;38;6.3;1.6
16/10/2024;0;835.7;13.1;24;16.5;11.4;81.3;49;12;1.3
17/10/2024;16.6;835.5;14.2;25.9;18.4;13;78.9;50;6.1;1.3
18/10/2024;0;835;13.3;25.7;18;11.5;75.5;37;6.6;1
19/10/2024;2.4;833.8;13.8;23;15.6;13.6;89.6;58;6.7;1.6
20/10/2024;89.6;833.9;13.4;16.6;14.3;12.4;94.5;88;10;1.8
21/10/2024;3.8;837.2;14.2;19;15.9;13.3;89.9;82;10;1.5
22/10/2024;0;838.5;15.7;24.2;18.5;15.7;84.8;60;7.6;.9
23/10/2024;.2;835.9;16.3;26;18.5;14.9;87.6;57;6.4;1.1
24/10/2024;19.8;832.8;16.1;22.2;17.6;15.4;91.2;70;10.4;1
25/10/2024;26.4;833.1;15.2;20.5;16.6;14.4;92;73;7.4;1.1
26/10/2024;0;835.2;16.6;26.3;19.1;16.1;86.3;54;5.9;1.2
27/10/2024;4.8;837.9;15.1;21.4;16.4;14.3;92.2;74;7.3;1.4
28/10/2024;.4;838;15;23.4;16.7;13.7;89.9;66;5.5;1
29/10/2024;.6;836.7;14.9;24.1;16.9;14.5;88.5;64;6.3;1.4
30/10/2024;0;835.7;12.5;24.1;16.2;10.1;80.3;42;6.9;1.8
31/10/2024;0;835.8;11.8;22.5;14.9;9.4;82.4;53;8.6;1.8
01/11/2024;.2;836.4;11.9;24.2;15.1;10.3;82.9;43;7.5;1.7
02/11/2024;13.6;836.8;13.9;23.5;16.2;12.3;87;51;5.9;1.2
03/11/2024;12.6;835.6;14.4;18.6;15.7;14.3;91.7;82;6;1.2
04/11/2024;9.8;835.4;14.7;17.9;15.4;14.6;95.7;91;7.9;1.6
05/11/2024;7.2;835.8;15.4;20.5;16.3;14.6;94.8;79;5.8;1
06/11/2024;5.6;835.3;15.9;20.1;17.1;15.4;92.8;80;4.9;1
07/11/2024;17.4;833.1;15.4;16.8;16.1;15.5;95.8;93;7.5;1.1
08/11/2024;16.4;830.7;15.1;17.5;15.9;15.1;95.3;91;8.7;1.3
09/11/2024;33.2;832.9;13.8;18.7;14.6;13.1;95.1;84;5.1;1.1
10/11/2024;.6;834.2;12.9;21.6;15.4;11;86.1;64;6.5;1.3
11/11/2024;0;833.4;13.8;24.8;17.6;12.7;80.3;50;6.3;1.2
12/11/2024;.2;832.1;12.7;26.9;18.4;12.6;73.2;36;5.9;1
13/11/2024;12.6;832.2;14.3;21.3;15.7;12.8;92;68;7.5;1.1
14/11/2024;.4;834.4;13.4;22.5;15.5;12.1;87.5;64;7.8;1.5
15/11/2024;0;835.5;14.2;19;15.6;12.3;91.3;78;7.2;1.1
16/11/2024;7.8;835.8;15.1;17.6;15.7;15.2;96;92;5.7;.8
17/11/2024;15;835.5;14.2;24.2;16.6;13.3;86.6;56;5.2;1
18/11/2024;.2;834.7;13.8;26.2;17.8;12.1;80.1;44;5.5;1
19/11/2024;.2;834.7;14.4;27.7;19;13.3;78.3;35;6.1;1.2
20/11/2024;0;835.2;15.3;25.8;19.3;14.3;79.8;50;10.7;1.3
21/11/2024;18.8;835.8;15.2;21.8;16.9;14.7;90.2;67;7.3;1.5
22/11/2024;1.8;835.5;13.9;19.1;14.9;13.7;93.1;76;9.6;2.6
23/11/2024;1.4;835.1;12.7;21.2;15.2;12.3;85.7;61;9.7;1.9
24/11/2024;0;836.3;10.6;19.6;13.8;9.4;82;57;13.7;2.7
25/11/2024;.2;837.1;11.2;24.5;15.8;8.9;75.7;45;7.2;1.3
26/11/2024;0;836.6;12.1;25.9;17.9;11;71.6;41;5.7;1.1
27/11/2024;0;835.2;13.1;28;19.5;12.8;68.8;37;5.4;1.1
28/11/2024;0;834.3;14.1;28;20.5;14.4;69.1;36;5.9;1.1
29/11/2024;16.4;834.7;15.9;21.4;17.1;15.7;92.8;72;6.6;1.1
30/11/2024;4.6;834.8;16.5;25.7;18.7;14.8;88.2;60;6.1;1.4
01/12/2024;8;834.6;15.6;27.9;20.1;14;77.3;50;7.1;1.5
02/12/2024;0;833.1;16.8;27.1;20.2;17.3;81.8;54;6.3;1
03/12/2024;18.4;832.7;16.4;18.5;17;16.4;96.5;92;4.8;.7
04/12/2024;89.2;834.1;15.1;19;16.2;14.5;93.4;80;9.9;2.2
05/12/2024;6.6;834.9;15.5;20.4;16.7;14.1;92.6;78;6.9;.9
06/12/2024;.2;835.6;16.2;26.5;19.9;15.3;81;53;5.3;.9
07/12/2024;0;835.2;15.1;27.9;21.1;16.9;70.3;44;7;1.2
08/12/2024;0;835.7;15.2;27.7;20.3;16;74.8;39;7.3;1.1
09/12/2024;.4;835.4;15.7;24.3;18.2;15.2;85.8;59;8.7;1
10/12/2024;31.6;833.4;15.5;22.2;17;14.9;91.4;72;10.7;1.3
11/12/2024;7;833.5;13.1;21.2;15.4;12.3;87.1;62;8.1;2.1
12/12/2024;0;834.6;12.7;22.1;15.5;11;84;57;8.4;1.9
13/12/2024;0;834;14;23.4;17;13.1;83.4;57;5.5;.9
14/12/2024;0;831.8;15.3;21.6;16.9;15.7;90.6;73;8.3;1.2
15/12/2024;29.4;831;14.9;19.2;16.1;14.7;92.8;85;10.7;1.3
16/12/2024;26.2;833.2;15.2;24;18;14.2;84.4;57;9.1;1.8
17/12/2024;1.4;835.8;12.5;24.4;16.9;11.2;77.8;40;7.5;1.5
18/12/2024;0;836.5;13.3;23.4;16.4;11.3;83;55;6.6;1.3
19/12/2024;.2;836.1;14.3;25.6;17.2;12.5;85.2;51;14;1.3
20/12/2024;26.2;834.4;15.5;23.3;17.4;13.6;89.4;68;8.1;1
21/12/2024;7.6;834.7;16;22.5;17.1;15;93.2;71;5.2;.7
22/12/2024;22.4;835.1;15.6;22.6;17.2;14;90.8;69;5.4;.9
23/12/2024;13.2;834.8;15.5;24;17.6;13.6;88.3;63;7.4;1.5
24/12/2024;.2;835.1;14.7;22.1;16.9;13.9;87.3;68;11;2.6
25/12/2024;1.8;833.8;14.9;25.4;18.5;14.4;81.1;50;8.6;1
26/12/2024;46.4;832.6;16;18.6;16.7;15;95.6;85;8.6;1
27/12/2024;38;833.6;16.4;19.5;16.9;16.2;96.3;88;7;1
28/12/2024;16;835.1;16.3;25.4;18.4;16.1;88.4;61;8.4;1.3
29/12/2024;2.4;834.1;15.1;24.9;17.3;14.2;88;54;8;1.6
30/12/2024;5.8;833.8;14.3;23.7;16.5;12;87.3;59;7.4;1.5
31/12/2024;2.6;835;13.4;26.2;16.9;10.7;81;43;5.9;1.3
01/01/2025;0;835.1;14.2;25.1;17.2;13.9;83.4;52;6.4;1.5
02/01/2025;1.2;834.5;13.9;26.1;16.9;11.8;84.3;46;5.7;1.2
03/01/2025;7.2;833.1;15.2;24.6;17;14.2;89.8;56;10.4;1.2
04/01/2025;12;832.7;15;24.7;17.6;13.7;86;57;10;1.2
05/01/2025;.2;832.8;14.1;25;18.2;12.3;78.8;46;7;1.4
06/01/2025;0;833.3;14.4;25.5;18.4;14.5;80.1;45;7.9;1.4
07/01/2025;.4;833.1;14.2;24.7;17.3;13.2;82.8;51;9;1.2
08/01/2025;.8;832.8;14.1;24.3;17.1;12.4;83;56;6.9;1.5
09/01/2025;.4;832;14.3;21.3;15.8;13.3;90.7;71;6.8;1.5
10/01/2025;10.4;832.3;13.7;21.8;15.9;12.8;87.7;65;8;1.5
11/01/2025;0;832.3;13.6;23.1;15.6;10.7;88.7;57;7.8;1.2
12/01/2025;14.2;832.5;14.1;20.1;15.1;13.1;93.7;78;6.4;1.4
13/01/2025;.6;832.1;13.4;21.5;14.9;12.8;91.5;67;8.5;1.9
14/01/2025;0;832.1;14.1;22.1;15.7;12.3;90.6;71;7.7;1.7
15/01/2025;.2;833.4;15.3;22.9;17.2;13.2;88.5;70;8.8;1.6
16/01/2025;2.6;835.1;16.3;23.5;18.3;15.7;88.5;68;7.1;1.3
17/01/2025;23.6;836.6;16.5;22.1;18.1;15.7;91.2;76;8;1
18/01/2025;.2;836.9;16.7;26.7;20.3;16.1;81.2;51;5.3;.8
19/01/2025;.2;835.7;15.7;28.6;20.5;15;76.9;38;4.5;.8
20/01/2025;0;834.9;16.1;27.1;20.8;16.7;76.1;47;5.6;1
21/01/2025;0;836;15.7;27.1;20.4;16;75.9;50;7.6;1
22/01/2025;.2;838;16.4;26.7;20.1;15.6;80.6;50;6.7;1.1
23/01/2025;1.4;838.3;15.3;27.3;20;15.2;76.1;43;10.1;1.5
24/01/2025;0;837.5;15.9;27.8;19.1;14.6;83.3;53;5.9;1.3
25/01/2025;2;836.8;15.9;26.8;19.2;16.4;82.4;51;6.5;1.2
26/01/2025;2;836;15.5;24.9;18.2;15.2;85.8;57;10.3;1.2
27/01/2025;10;835.3;15.7;23.2;17.1;14.6;91.7;64;5.4;1
28/01/2025;23;835.1;16.4;23.1;17.7;15.6;92.4;66;4.3;.9
29/01/2025;.6;834.4;16.3;24.2;17.9;16.2;91.1;60;5.5;.9
30/01/2025;6;833.5;16.1;20.3;17.1;15.6;93.9;80;5.3;.8
31/01/2025;18.6;832.9;16;19;16.6;15.5;96.2;86;4.1;.8
01/02/2025;22.6;832.3;16.1;19.1;16.7;15.7;96.4;88;6;.8
02/02/2025;30.4;832.7;16.2;19.8;16.9;16;96;84;5.3;.8
03/02/2025;13.4;834.6;15.8;21.2;17;15.1;92.9;74;5.9;.7
04/02/2025;5;835.9;16.1;24.3;18.4;15;87.5;62;6.4;.8
05/02/2025;3.2;836.5;16;23.7;18.6;14.8;85.7;63;4.4;.8
06/02/2025;.6;837.2;15;25.8;18.3;14.3;82.5;53;7.4;1.1
07/02/2025;.8;837;14.7;26.1;17.8;13.3;84.1;50;13.5;1.3
08/02/2025;4.6;837.3;14.5;23.6;18.6;14.3;78.5;52;12.1;2.7
09/02/2025;0;838.1;13.5;24.1;17.5;11.4;78.2;48;5.8;1.4
10/02/2025;0;837.3;15.4;24.6;17.9;14;86.2;49;6.9;1.3
11/02/2025;3.2;836.3;14.6;24;18.3;13.4;80.8;46;5.4;1
12/02/2025;.2;836.5;14.7;25.6;18.7;13.4;79;44;6.3;1.1
13/02/2025;0;837.1;14.7;25.3;18.5;14.4;79.7;53;7.3;.9
14/02/2025;0;836;15.1;26.3;18.4;15.5;82.8;51;15.4;.9
15/02/2025;36.6;835.5;15.3;25.6;17.9;12.4;86.3;58;6.1;1
16/02/2025;1.4;836.8;15.2;27.5;19.8;14.9;77.7;46;7.2;.9
17/02/2025;.2;837.3;13.8;27.3;19.7;13.3;71.8;41;4.5;1
18/02/2025;0;836.6;14.7;27.5;19.7;13.6;75.3;39;5.7;.9
19/02/2025;4.4;836.9;15.9;26.9;20.4;15.7;78;46;7;.9
20/02/2025;0;838.1;15.6;27.6;19.7;15.5;79.1;47;5.9;1.1
21/02/2025;0;838.9;16.2;25.1;18.8;15;86;61;12.3;1.3
22/02/2025;32;838.6;16.4;22.4;17.8;15.9;91.5;71;6.4;1.4
23/02/2025;15.2;837.9;15;23.6;17.4;12.7;86.9;50;6.5;1.4
24/02/2025;2.6;838.1;14.2;25.3;18.4;12.9;78.5;44;6.8;1.5
25/02/2025;0;839.3;14.2;24.9;17.9;12.5;80.2;55;6.6;1.3
26/02/2025;0;839.1;14.5;25.1;18;12.6;81.3;55;5.9;1.1
27/02/2025;.8;838.2;14.5;24.9;17.9;13;82.1;50;7.4;1.3
28/02/2025;5;838.4;14.8;23.3;17.7;12.8;84.5;58;5.7;1.2
01/03/2025;10.6;839;13.2;25.9;18.5;12.1;75.6;31;6.1;1.2
02/03/2025;0;839.1;14.6;25.9;18.8;13.3;78.4;44;4.6;1.1
03/03/2025;0;838.9;13.8;24.2;18.5;13.2;76.8;37;6.5;1.7
04/03/2025;0;838.3;14.2;25;18.3;13.5;78;44;9;1.9
05/03/2025;.2;838.7;14.2;23.5;17.3;12.7;82.8;62;6.9;1.3
06/03/2025;.2;839.9;12.6;23.9;17.5;11.2;75.5;47;10.2;1.9
07/03/2025;0;840.3;13.4;23.1;18.1;13.2;75.7;53;9.6;2.5
08/03/2025;0;838.7;13.4;25;18.2;12.2;75.6;48;6.5;1.3
09/03/2025;0;836.8;13.9;26.5;17.6;12.7;81.2;44;17.8;1.4
10/03/2025;13.8;836.2;14.4;26.1;16.8;12.5;87.3;50;7.8;1.1
11/03/2025;13.2;837.8;14.5;24.3;16.8;12.1;87.7;59;6.2;1.2
12/03/2025;4.6;838.6;15.1;26.6;18.2;14.3;83.2;46;9.1;1.2
13/03/2025;0;836.8;15.2;25.8;17.9;13.7;85.2;53;5.7;.9
14/03/2025;4.4;835.8;15.9;24.1;17.7;13.3;89.9;60;4.6;1.1
15/03/2025;1.4;836.5;16.2;23.9;17.9;14.3;90.1;65;5.8;1.2
16/03/2025;2.2;837.9;16;21.7;17.4;14.7;91.8;69;6.5;1.6
17/03/2025;1.6;838.6;16;24.5;18.4;15.1;86.8;60;8;1.1
18/03/2025;.2;836.8;14.8;25.8;18.1;12.8;82.6;52;9.6;1
19/03/2025;6.2;835.7;14.1;20.7;15.5;12.8;92.3;72;7.6;1.4
20/03/2025;5.8;837.5;13.1;19.7;15.1;11.5;88.2;71;8.6;1.9
21/03/2025;0;838.3;13.3;24.1;16.5;11;82.7;54;6.9;1.5
22/03/2025;0;838.1;13.5;24.4;17.8;12.8;79.1;37;5.9;1.2
23/03/2025;.2;836.9;14.6;23.1;17;13.4;87.1;59;7.5;1.2
24/03/2025;16.8;835.6;15.2;23.3;16.9;14.2;90.8;61;8.9;1.1
25/03/2025;8;836.6;15.4;22.8;17;12.1;91.1;67;5.6;1.2
26/03/2025;7.8;836.8;14.8;23;17.1;12.7;87.2;61;6.4;1.6
27/03/2025;0;836.6;14.5;21.7;16.9;12.7;86.5;67;6.6;1.1
28/03/2025;0;836.1;14.8;24.3;17.1;11.9;87;61;7.4;1.2
29/03/2025;1;835.6;14.9;22.9;17.2;12.2;86.8;66;7.4;1
30/03/2025;.2;835.4;15;24.4;17.5;12.8;86.5;58;5.1;1.1
31/03/2025;1.6;837.1;15.8;19.8;16.8;14.7;93.7;82;5.1;1
01/04/2025;2.4;837.9;15.7;23.6;17.1;13.2;91.8;64;5;1.2
02/04/2025;6;837.1;15.6;25;18.2;13;85.8;59;5.8;1
03/04/2025;13;836.8;15.7;21.8;17.1;14.9;92.1;70;7.7;1.4
04/04/2025;23.4;837.4;15.7;22.6;17;14.5;92.1;66;8.3;1.2
05/04/2025;45.2;840.7;12.6;16.2;13.1;12.8;96.7;94;10.9;2
06/04/2025;31;841.4;11.2;16.1;12.1;10.3;93.9;80;11.6;3.6
07/04/2025;.6;838.9;11.6;19.3;12.9;11;92.1;71;12.1;3.1
08/04/2025;.2;837.6;12.3;22.9;15;9.1;85.3;58;4.2;.9
09/04/2025;0;836.7;13.7;22.5;16.1;12;86.9;63;6.1;1
10/04/2025;4.4;835.5;14.3;22.8;15.9;14;90.5;64;11.1;1.3
11/04/2025;6.2;835.1;12.7;21.5;15.8;11.2;83.3;49;6;1.2
12/04/2025;.2;836;11.7;20.7;14.4;9.3;84.8;63;6;1
13/04/2025;.2;836.2;12.5;21.3;15;10.4;86.4;59;4.9;.9
14/04/2025;1.4;835.5;14.3;19.2;15.7;14.8;91.5;78;6.9;1.4
15/04/2025;0;836.1;12.4;22.4;15.4;9.5;84;53;5.1;.9
16/04/2025;1;835.4;13.3;18.1;15.1;13.6;89.9;73;5.6;.9
17/04/2025;.2;836.5;13;22.3;15.3;10.3;87.3;59;5.1;1.1
18/04/2025;0;837;14.5;22.2;16.6;13.4;87.8;64;3.8;.8
19/04/2025;32.4;835.4;15;21.1;16.3;13.1;92.3;69;11.1;1.1
20/04/2025;16.4;834.6;13.9;18.2;15.3;13.5;92;75;11.2;1.7
21/04/2025;1;834.7;13.1;19.1;14.4;12.5;92;72;5.9;1.3
22/04/2025;.2;835.2;12.2;20.4;13.7;10.7;91.4;69;5.9;1.3
23/04/2025;0;835.8;12.5;21.1;15;11.7;86.2;55;5.5;.9
24/04/2025;.2;834.8;13.9;20.7;15.5;11.1;90.8;69;4.1;.9
25/04/2025;22;833.1;14.6;18.6;15.3;14;95.5;79;8.3;.9
26/04/2025;12.8;833.8;14.6;20.8;16.1;14;91.2;69;4.4;.8
27/04/2025;.4;834.2;14.6;22.5;16.4;12.8;90;62;4.4;.8
28/04/2025;.8;833.3;14.5;19.9;16;12.8;91.7;70;10.2;1.2
29/04/2025;3.6;834;12.9;17.3;13.9;12.4;94;77;5.2;1
30/04/2025;.2;835.5;10.6;17.2;12.7;9.2;87.6;63;4.4;1.1
01/05/2025;0;837.3;10.7;19.5;13.3;9.7;85.8;58;5.4;1.3
02/05/2025;.2;838.2;10.1;19;12.5;6.9;86.5;59;5.2;1.2
03/05/2025;.2;838.5;9.6;19.8;12.6;6.7;83.5;45;4.9;1.1
04/05/2025;0;838.4;10.7;18.4;13.2;9.9;85.4;57;4.7;1.1
05/05/2025;.2;838.9;9.7;18;12.4;7.5;84.5;59;4;.8
06/05/2025;0;837.8;9.5;18;12.8;8.9;82;56;7;.8
07/05/2025;.2;837.9;10.6;19.4;12.9;8;86.8;63;5.5;.8
08/05/2025;0;838.3;11.5;21.4;14.1;8.9;85.7;59;5.4;.9
09/05/2025;.2;837.3;12.3;20.9;14.9;10.5;85;58;7.9;1.3
10/05/2025;0;838.6;13.4;22.3;17.3;13.7;78.8;54;7.2;1.1
11/05/2025;7;840.3;12.4;16.1;12.8;13;97.3;94;6.1;.8
12/05/2025;7.2;841.2;11.3;16.9;12.6;9.4;92;76;9.5;1.8
13/05/2025;0;840.4;10.6;17.6;12.8;9.4;87.2;53;6.6;1.4
14/05/2025;.2;839.9;7.6;15.3;11;6.7;80.8;53;8.1;1.8
15/05/2025;0;840.3;8.7;16.9;11;5.8;86.8;62;5.5;1
16/05/2025;.2;840.6;10.4;20.1;12.7;7.7;87.1;55;7.5;1.1
17/05/2025;.2;840;10.4;19;12.8;7.4;86.6;61;5.2;1.1
18/05/2025;.2;839.7;10.1;20.4;12.6;8;86.1;44;7.5;1.4
19/05/2025;.2;839.5;9;20.3;12.5;7.5;81.1;37;5.6;1.2
20/05/2025;.2;839.2;9.4;20.4;12.6;6.7;82.5;45;4.6;1
21/05/2025;0;838.7;11.4;20.3;13.9;9.4;85.6;57;4.4;.9
22/05/2025;.2;838.7;10.2;20;13;8;84.6;58;3.8;.9
23/05/2025;.8;839.4;11.5;17.6;12.7;9;92.7;75;6.2;1.3
24/05/2025;3.2;840.3;11.6;17.4;12.9;9.9;92.1;69;8.6;1.6
25/05/2025;.2;840.3;10.5;19.2;12.4;7.8;89.1;62;5.3;.9
26/05/2025;.4;839.7;10;18.5;12.2;7.2;87.3;65;5.4;1
27/05/2025;0;839;10.8;16.8;12.8;8.8;88.2;75;8.2;1.3
28/05/2025;0;837.6;12.3;18.8;15;13.3;84.5;68;6.4;1
29/05/2025;0;837.5;11;15.2;12.8;12.5;88.7;80;9.2;1.2
30/05/2025;1;838.1;8.6;17.7;10.9;6.2;86.9;56;5;1
31/05/2025;.2;838.7;9.7;19.3;12.9;9.3;82.6;48;5;.9
01/06/2025;.2;840.3;8.5;20;12.1;5.9;81.5;30;4.4;1.2
02/06/2025;.2;841.5;10.3;18.2;12.3;7.1;88.5;67;4.2;1
03/06/2025;.2;840.1;10.3;15.7;11.4;8.4;93;82;6.3;1.1
04/06/2025;1.6;838.6;10.8;19.6;13;6.9;87.6;66;6.7;1.5
05/06/2025;.2;838.1;11.6;19;14.1;9.5;86.1;64;4.4;.9
06/06/2025;.8;837.8;12.5;17.2;14.4;12.8;88.7;74;7.8;1.3
07/06/2025;13;837.2;12.4;18;13.7;9.7;92.6;72;5.6;.9
08/06/2025;2.2;835.5;11.9;15.1;12.5;9.4;96.5;86;5.4;1
09/06/2025;10.2;834.9;11.5;14.3;12.2;11;95.5;86;5.4;.9
10/06/2025;.2;836.5;9.3;13.8;10.5;8.3;92.3;73;4.9;1.1
11/06/2025;0;837.6;6.5;10.8;7.4;5.3;94.3;72;5.7;1.3
12/06/2025;.6;838.4;4.5;9.5;6.2;2.7;89.5;64;9.7;2.5
13/06/2025;.2;839.8;3.7;13.9;6.8;1.3;82.8;51;5.8;1.1
14/06/2025;.2;840.5;4.6;13.1;6.8;1.2;87;68;8.2;1.3
15/06/2025;0;839.9;6.4;15.7;9;5;84.5;61;8.1;1.8
16/06/2025;0;841.3;8;19.1;11.1;5.3;82.5;49;5.9;1.4
17/06/2025;.2;841.2;6.6;16;10;3.9;80.9;51;6.9;1.2
18/06/2025;.2;840.7;7.3;15.8;10.6;5.3;81.1;57;10.5;1.2
19/06/2025;0;840.5;8.2;17.7;12.7;8.6;75.7;55;5.4;.9
20/06/2025;0;838.8;8.2;18;11.6;6.1;81.3;55;4.8;.9
21/06/2025;0;835.9;8.8;17.7;13;8.7;76.5;57;5.1;.8
22/06/2025;0;835;9.4;17.9;13.7;10;76.4;57;4.5;.7
23/06/2025;0;834;9.8;20;15;13.3;71.7;56;9.6;1.2
24/06/2025;6.2;835;8.3;14.9;11;11.9;84.2;56;10.5;1.9
25/06/2025;0;838.2;-1.9;15.8;7.4;-.6;55.3;19;8.9;1.4
26/06/2025;0;839.3;8.9;16.3;11.7;7.6;83.3;67;6.5;1.7
27/06/2025;0;839.8;11.2;19.7;14.4;11.2;81.6;63;6.4;.9
28/06/2025;0;840.1;11;18.9;14.3;9.3;81.9;64;8.4;1.5
29/06/2025;0;838.7;10.8;19.8;14.3;11.1;80.6;60;10.7;1.8
30/06/2025;.2;839.9;9.7;20.2;13.1;8.4;81.7;52;6.9;.9
01/07/2025;.2;840.8;9.9;16.9;10.9;6.8;94.1;75;5;.9
02/07/2025;0;842.1;9.2;15.8;10.7;8.9;91.2;68;4.7;1
03/07/2025;0;842.1;8.2;14.2;9.1;6.4;94;80;4;.8
04/07/2025;0;841.9;8;14.4;9.7;7.6;89.8;68;7.2;1.5
05/07/2025;.2;840.9;6.7;16.3;9.7;4.2;83.1;52;5.1;.8
06/07/2025;0;839.6;6.3;16.1;8.4;2.9;87.5;57;3.7;.9
07/07/2025;.2;840.5;6.9;16.7;9;3.4;88.1;57;4.1;.8
08/07/2025;.2;840.3;6.6;17.1;9.4;3.5;84;57;4.5;1.1
09/07/2025;.2;841;7.4;14.4;9.5;5.9;87.4;58;4.9;.7
10/07/2025;0;842.7;6.6;16.5;10;4.8;81.5;53;5.9;.7
11/07/2025;.2;843.2;6.2;16.9;11.3;5.7;72.3;50;5.9;.8
12/07/2025;0;842.7;6.7;15.8;11.8;9.5;72.5;45;5.7;1
13/07/2025;0;842.4;5.7;14.9;11.1;9.1;70.8;49;6.1;1.1
14/07/2025;0;841.9;5;15.9;8.8;3;79.5;39;4.3;.9
15/07/2025;0;840.6;1.7;16.4;8.7;2.6;66;32;4.9;.8
16/07/2025;0;839.6;3.6;17.1;8.7;2.1;72.8;43;4.1;1
17/07/2025;0;838.5;4.9;18.2;9.7;2.9;74.4;44;4.5;1
18/07/2025;0;837.4;6.7;17.8;12.4;7.1;69.5;51;7.2;1.4
19/07/2025;0;839;6.4;17.9;10.9;4.4;76.3;34;4.1;.8
20/07/2025;.2;839.2;5.8;19.4;10.3;4;76.2;35;4.2;1
21/07/2025;0;838.1;7.7;19.2;11.3;5.6;80;51;4.7;1.1
22/07/2025;0;837.7;8.5;19.3;13.1;8.2;75.9;52;5.8;1.1
23/07/2025;.2;839.4;7.3;17.4;10.9;5.7;80.3;58;4.5;.9
24/07/2025;0;839;7.9;18.5;10.7;5.7;83.8;60;4.4;.8
25/07/2025;0;837.8;9.7;16.8;11.1;8;91.5;70;8;1
26/07/2025;6.2;838.2;7.4;19.2;11;4.8;81.1;35;4.2;1
27/07/2025;.2;837.5;8;19.1;12.2;6.6;78.3;48;5;1.1
28/07/2025;.2;835.9;9.5;15.8;13.9;12.1;75.5;59;7.9;1.4
29/07/2025;1.6;835.8;6.2;14.2;9.9;7.8;78.7;52;6.4;1.5
30/07/2025;0;838.1;-2.2;14.9;5.8;-1.5;59.6;16;4.7;.9
31/07/2025;0;840.8;.4;17.5;8.4;1.4;59.7;24;4.9;1.1
01/08/2025;0;842.5;2.8;20.7;10.1;2;65.4;23;5.7;1.1
02/08/2025;0;841.9;2.3;18.6;10.1;2.5;64.4;19;6.1;1.4
03/08/2025;0;840.4;2.8;20.4;10.4;2.7;63.5;26;7.4;1.2
04/08/2025;0;840;4.8;18.2;10.1;3.8;71.5;43;6.9;1.4
05/08/2025;0;840.4;7.2;16.5;11.3;7.9;76.7;53;3.8;.7
06/08/2025;0;839.6;8.4;17.1;10.9;7.2;85.6;56;5.7;1
07/08/2025;.2;837.4;7.2;19.4;11.3;5.2;78.8;42;6.1;1
08/08/2025;0;835;8.5;19.8;13.1;8;75.5;47;7.7;1
09/08/2025;2.2;834.2;6.7;16.6;11.1;8.6;76.1;43;8.6;1.3
10/08/2025;0;836.2;3.4;10.9;5.8;-.9;85;64;9.3;1.7
11/08/2025;0;836.4;4.5;13.6;7.4;2.1;83.6;53;5.8;1.4
12/08/2025;.2;836.2;4.6;16.8;8.2;1.2;80.9;40;4.8;1.1
13/08/2025;0;837.4;2.4;20.2;9.8;2.1;66.4;25;3.8;1.1
14/08/2025;0;839.2;4.9;19.2;10.6;3.8;72.1;29;4.5;.9
15/08/2025;.2;840.4;8;18;10.4;4.9;86;59;4.7;1
16/08/2025;.2;839.4;8.9;20.7;12.1;6;83;49;5.6;1.2
17/08/2025;.2;838.7;9.6;21.4;12.8;6.9;82.5;49;5.8;1.1
18/08/2025;.2;839.1;8.1;19.8;12.6;6.7;77;30;6.7;1.4
19/08/2025;0;838.5;8.7;20;12.3;6.1;80;54;6.7;1.2
20/08/2025;0;838.8;9.6;23.3;15.6;9.4;70.2;35;8;1.5
21/08/2025;0;838.9;9.7;24.7;18.2;12.7;59;38;5;.8
22/08/2025;0;838.3;9.4;25.1;17.2;10.4;63.9;32;8.4;1.1
23/08/2025;0;838.2;7.1;23.4;16.2;10.8;56.6;31;8.1;1.4
24/08/2025;0;838.9;8.8;24.5;15.6;8.3;67.5;29;5.4;1.1
25/08/2025;0;840.3;9.4;24.6;16.8;11;65;32;5.9;1.2
26/08/2025;0;840.5;11.1;24.2;15.7;10.7;76.9;39;7.5;1.2
27/08/2025;.6;840.7;10.7;18.3;13.5;9.3;83.5;65;5.3;1.1
28/08/2025;0;840.6;9.8;22.3;13.9;8.1;79.8;38;4.9;1.3
29/08/2025;4.6;839;10.2;15;11.5;8.8;91.8;78;11.8;1.1
30/08/2025;4;839.6;7.1;17.1;12.1;7.3;73.5;46;11.3;2.7
31/08/2025;0;840.4;8.6;19.4;12.6;7;78.3;48;9.9;1.8
01/09/2025;0;841.8;10.1;21.3;13.6;9.1;81.8;47;7.6;1.5
02/09/2025;2;841.7;10.1;21.5;13.3;8;82.3;46;5.8;1.2
03/09/2025;0;840.7;9.4;17.2;12.2;7.5;83.7;63;6.4;1.5
04/09/2025;.2;839.6;6.6;22;13.2;5.8;69.6;27;7.1;1.2
05/09/2025;0;838.6;7.2;24.3;14.3;6.3;65.3;37;5.1;1.1
06/09/2025;0;838.9;10;18.9;13;8.4;82.6;55;6.3;1.3
07/09/2025;0;840.1;12;23.4;15.8;10.7;80.2;51;4.6;1.1
08/09/2025;0;839.6;12.1;25.1;17;10.7;75.4;45;5.9;1.1
09/09/2025;0;837.6;10.6;23.9;17;12.7;67.9;42;8.8;1.8
10/09/2025;0;838.4;5.5;24.5;14.7;6.2;58.2;20;6;1.1
11/09/2025;0;839.2;5.6;25.7;15.9;7.1;56.3;23;6;1.2
12/09/2025;0;838.2;5.2;22.5;13.6;7.1;58.6;37;7.2;1.1
13/09/2025;0;837.9;10.2;18.7;12.3;9;87.8;65;5.8;1.5
14/09/2025;0;838.2;10.5;23.1;14.7;10.3;79.3;36;5.9;1.3
15/09/2025;.2;837.7;9.8;23.7;15;8.5;74.5;30;6.5;1.3
16/09/2025;0;836.3;10.5;23.1;14.4;9.8;79;48;9.4;1.2
17/09/2025;1.4;836.5;9.9;19.4;13.1;9;82.7;44;7.3;1.3
18/09/2025;0;837.3;7.7;22.1;14.5;6.8;67.1;32;6.5;1.2
19/09/2025;0;837.4;10.9;23;15.8;9;73.8;49;9;1.2
20/09/2025;0;836.7;11.4;25;18.1;12.9;67.4;40;8.3;1.4
21/09/2025;0;834.1;12;25.7;19.5;14;62.8;43;7.7;1.1
22/09/2025;6.2;832.3;12.6;20.8;15.8;14.6;82.3;56;14.2;1.6
23/09/2025;11.4;837.4;12.1;18.5;13.9;10;89;69;8.2;1.5
24/09/2025;3.6;842.1;11.8;19.8;13.1;9.7;92.6;72;9.5;1.7
25/09/2025;0;842.9;8.8;12.7;9.7;9;93.8;81;12;4
26/09/2025;0;840.8;7.2;15.8;9.5;6.8;86;66;12.3;3.2
27/09/2025;.2;839.3;8.1;20.4;12;4.5;79.8;47;6;1.4
28/09/2025;0;838.6;6.7;23.8;14.3;6;65.3;30;6.5;1
29/09/2025;0;839.1;8.6;25.9;17.4;10.8;58.8;33;5.5;1.3
30/09/2025;0;839.5;6.9;26.5;17.6;9.5;54.9;24;6.3;1.2
01/10/2025;0;839.4;8.7;27.6;17.2;9.5;60.3;27;6.4;1.4
02/10/2025;0;839.8;11.6;24.3;17;11.1;72;48;6.1;1.3
03/10/2025;0;839.1;12.5;23.5;16.8;12;77.5;46;8;1.3
04/10/2025;0;839.2;10.6;21.4;16;11.9;71.4;53;9;1.5
05/10/2025;0;838.2;11.7;26.9;17.8;12;69.8;41;7.3;1.5
06/10/2025;0;836.1;9.9;28;18.5;10.3;62.7;26;5.6;1.2
07/10/2025;0;836;11.5;26.1;17.1;12.9;72.3;31;7.2;1.6
08/10/2025;.2;837.5;11.7;19.6;13.2;11.6;91.1;69;8.5;2.3
09/10/2025;16.8;838.7;12;18.7;13.2;9.7;92.7;76;12.7;2
10/10/2025;4.8;838.2;12.8;17.3;13.9;12.5;93.4;82;12.4;1.2
11/10/2025;15.8;836.3;12.7;21;15;10.9;87.2;60;4.5;1
12/10/2025;0;834.8;12.9;23.1;16.9;12.2;79.5;50;7.6;1
13/10/2025;1.8;833.4;13.6;19.7;15.3;13.8;89.8;72;5.8;1
14/10/2025;7.4;835.6;14;23.3;16.5;13.8;86.3;62;7;1.6
15/10/2025;.2;837.7;13;23;16.1;10.5;83.6;60;5.9;1.4
16/10/2025;0;837.1;13.4;24.9;17.4;11.3;79.4;47;5.5;1
17/10/2025;.2;835.5;13.4;26.1;18.5;11.9;74.8;38;5.7;1
18/10/2025;1;833.5;14.2;20.1;16.3;14.9;87.9;67;7.6;1.1
19/10/2025;26.8;835.8;8.9;14.3;9.4;7.3;97.3;92;13.5;2.9
20/10/2025;13.4;839.1;5.8;10.3;7.2;5.3;90.9;72;10.4;2.8
21/10/2025;.2;840.8;3.6;14.3;8.4;3.2;73.7;45;15;4
22/10/2025;0;841.3;5.3;17.2;9.8;4.5;75;53;8.8;2.4
23/10/2025;.2;840.8;5.6;19.5;11.2;4.7;72;31;8;1.5
24/10/2025;0;839.7;6.1;21;12.3;4.6;69.1;38;8.6;1.1
25/10/2025;0;837.7;8.1;23;14.8;8.1;66.3;36;7.1;1.3
26/10/2025;0;836.1;9.6;25;16.6;10;66.4;33;5.5;1.3
27/10/2025;0;836.7;11.5;23.7;15.5;10.9;78.3;51;4.3;1
28/10/2025;6.6;837.8;13.8;18.8;15;13.4;92.7;70;7.5;1.1
29/10/2025;2.8;836.6;13.5;20.7;15.9;13.8;86.3;68;9.2;1.4
30/10/2025;11.6;836.4;13.2;19.5;13.8;11.7;96.5;76;5.6;1.1
31/10/2025;6.2;835.9;13.2;15.7;13.6;11.7;97.8;93;15.5;.9
01/11/2025;17;836.3;13.6;23.3;15.5;10.5;89.8;56;13;1.3
02/11/2025;18;834.9;14.1;15.8;14.5;12.5;97.8;95;6.7;1.2
03/11/2025;11;833.8;14.9;21.7;16.5;13.8;91.1;66;9.2;1
04/11/2025;6.2;834.8;15.9;25.2;18.6;14.5;85.4;55;6.6;1.1
05/11/2025;2.2;835.4;15.2;24.6;18.3;13.7;83.5;58;6.3;1.4
06/11/2025;.4;835.2;12.6;21;14.6;11.7;88.5;60;8.3;1.8
07/11/2025;0;832.5;12.5;23.2;16.2;7.8;80.6;55;6.2;1
08/11/2025;1.8;830;14.7;20;16.7;15.4;88.5;74;8.4;1.6
09/11/2025;6.8;835.1;10.7;18.5;12.5;9.1;89;63;9;1.7
10/11/2025;0;837.4;10.4;20.5;13.2;8.7;84.6;60;8.6;1.9
11/11/2025;0;837.6;11.2;22.8;15;7.8;80.1;51;5.8;1.5
12/11/2025;.2;837.1;10.3;25.3;16.5;9.2;71.2;28;5.6;1.4
13/11/2025;0;837.1;12.2;25.7;16.6;10.8;78;40;5.3;1.3
14/11/2025;13.4;837.9;14.4;22.4;16.2;13.3;89.6;65;4.6;1.3
15/11/2025;.2;836.8;14.6;23;16.8;13.7;87.4;58;8.2;1.7
16/11/2025;.6;834.8;14.8;19.7;16.2;14.9;91.9;78;8.6;1.2
17/11/2025;1.6;833.5;15.1;22;17.2;15.5;88.2;67;5.4;.9
18/11/2025;4.2;831.1;14.6;21.6;16.6;15.2;88.8;66;13.1;2
19/11/2025;7.2;831.3;10;18.8;13.4;9.8;80.7;59;8.4;2.1
20/11/2025;.2;834.5;9.2;19.2;13.1;8.6;78;60;11.1;2.5
21/11/2025;0;835.2;9.8;24.6;16.1;8.1;70.1;36;5.7;1.2
22/11/2025;0;835.1;12.8;25.1;17.1;11.2;78;44;9.6;1.2
23/11/2025;10.4;834.9;13.5;22.8;15.2;11.4;90.5;56;8.4;1.1
24/11/2025;16;833.3;12.6;19.2;13.9;12;92.7;69;10;.9
25/11/2025;14.6;832.9;11.7;19.2;13.6;10.6;89.4;63;7.9;2
26/11/2025;0;834.6;7.1;20;13.3;6.9;69;28;8;1.6
27/11/2025;0;835.2;10.6;24.1;15.1;7.1;77.8;34;5.5;1.4
28/11/2025;0;834.2;13;25;16.9;11.7;79.8;39;6.9;1.6
29/11/2025;0;833.3;8.4;25.2;17.8;8.6;56.8;30;7.9;1.5
30/11/2025;0;833.6;6.4;26.6;19.4;9.3;43.8;27;7.8;1.6
01/12/2025;0;833;12.1;27.7;19.8;12;63.5;36;6;1.2
02/12/2025;.2;832;15.5;23.2;17.8;15.7;86.6;59;9.1;1
03/12/2025;13.6;832;15.1;24.7;17.6;13.8;86.3;55;8.5;1.1
04/12/2025;11.2;832.8;14.2;22.6;16.5;13.8;87.3;63;8;1.3
05/12/2025;.2;834.3;12.8;25.2;16.6;10.4;80.1;42;5.4;1.2
06/12/2025;0;835.8;13.3;23.8;17.5;12.7;78.4;46;7.6;1.6
07/12/2025;0;836;12.9;26.8;17.8;11.5;74.6;34;12.7;1.4
08/12/2025;.2;834.9;14.8;25.5;18.8;14.9;78.6;51;7.4;1.1
09/12/2025;15.2;830.7;15;17.9;15.8;15;95.1;83;12.6;1.5
10/12/2025;23.4;827.3;14.2;20.8;16.9;14.5;85;59;14.6;3.1
11/12/2025;11.2;829.8;11.8;23.2;18.4;14.4;66.1;47;13.4;3
12/12/2025;2.4;832.1;13.4;24.3;18.5;12.2;73.8;47;5.7;1.2
13/12/2025;14.6;832.1;14.9;23.6;16.9;14.2;88.6;60;9.9;1.2
14/12/2025;18.6;833;15.6;20.9;16.9;14.4;92.1;75;7.1;1.1
15/12/2025;3.4;832.8;16.5;25.3;18.5;15.5;88.8;59;6.6;.9
16/12/2025;6.2;832.5;16.9;25.4;18.8;15.8;89.7;61;6.1;1.1
17/12/2025;4;834.1;12.5;17.5;13;8.9;96.5;90;13.9;2.5
18/12/2025;1.2;834.2;14.1;17.4;14.4;10.2;98.1;92;7.5;1.4
19/12/2025;1.4;834.8;15.7;18.6;16.2;14.8;97.2;89;5.5;.8
20/12/2025;4.6;835.8;15.1;25.2;17.4;13;87.2;57;6.8;1.7
21/12/2025;4.8;836;13.6;23.9;17.4;11.4;79.9;51;5.4;1.4
22/12/2025;4.2;835.6;14.2;24.9;17.7;12.3;81.3;47;7.1;1.4
23/12/2025;1.8;836.4;13.9;25.6;18.4;12.5;76.7;51;4.9;1.1
24/12/2025;.4;836.3;14;27.1;19.3;13;74;41;5.3;1.3
25/12/2025;0;836;15.2;27.7;19.4;14;79;43;14.1;1.2
26/12/2025;.2;836.6;15.9;28.6;20.8;16.3;76.2;40;12.3;1.4
27/12/2025;27.8;836.8;17.4;26.3;19.4;15.4;88.8;61;6.1;1.1
28/12/2025;4.8;835.5;15.9;29.1;21.2;14.3;74.3;41;8.5;1.2
29/12/2025;.6;834.9;17.3;26.2;20.1;16.6;84.3;57;15.4;1.1
30/12/2025;10.6;835.5;17;27.6;20.7;15.8;81.4;50;6.7;1.1
31/12/2025;.2;836.4;16;25.5;18.6;16.1;86.2;45;7.6;.9
